seed,lam_min_exact,lam_min_learned,flip_interval_lo,flip_interval_hi,flip_interval_width
0,0.094083821157946,0.08956520892076515,0.08956520892076515,0.094083821157946,0.00451861223718085
1,0.094083821157946,0.12714527863946393,0.094083821157946,0.12714527863946393,0.033061457481517925
2,0.094083821157946,0.07746279616971287,0.07746279616971287,0.094083821157946,0.016621024988233132
3,0.094083821157946,0.13014226661501596,0.094083821157946,0.13014226661501596,0.03605844545706996
4,0.094083821157946,0.14201530173467028,0.094083821157946,0.14201530173467028,0.04793148057672428
