{
  "block": "block1_embodied_proxy",
  "verdict": "PASS",
  "wall_time_s": 52.210652351379395,
  "defaults": {
    "r_d": 1.0,
    "r_g": 3.0,
    "gamma": 0.9,
    "H": 4
  },
  "lambda": 1.0,
  "collapse_threshold": 0.3,
  "charge_threshold": 0.5,
  "seeds": [
    0,
    1,
    2,
    3,
    4
  ],
  "per_run": [
    {
      "seed": 0,
      "epochs": 800,
      "Dw_true_irr": 1.4348907000000002,
      "Dw_true_rev": 0.0,
      "Dw_baseline_irr": 1.4348907000000002,
      "Dw_baseline_rev": 0.0,
      "Dw_da_irr": 1.421359944494148,
      "Dw_da_rev": 3.5065721690654764e-05,
      "R_baseline_obl_irr": 1.0,
      "R_baseline_mrc_irr": 1.4348907000000004,
      "R_baseline_obl_rev": 2.29140163,
      "R_baseline_mrc_rev": 2.29140163,
      "R_da_obl_irr": 1.0,
      "R_da_mrc_irr": 1.4348907000000004,
      "R_da_obl_rev": 2.29140163,
      "R_da_mrc_rev": 2.29140163,
      "R_oracle_obl_irr": 1.0,
      "R_oracle_mrc_irr": 1.4348907000000004,
      "R_oracle_obl_rev": 2.29140163,
      "R_oracle_mrc_rev": 2.29140163,
      "baseline_collapse_ratio": 0.0,
      "baseline_charge_load_ratio": 1.0,
      "da_collapse_ratio": 0.0,
      "da_charge_load_ratio": 1.0,
      "baseline_pass": true,
      "da_pass": true,
      "train_time_s": 9.163157939910889
    },
    {
      "seed": 1,
      "epochs": 800,
      "Dw_true_irr": 1.4348907000000002,
      "Dw_true_rev": 0.0,
      "Dw_baseline_irr": 1.4348907000000002,
      "Dw_baseline_rev": 0.0,
      "Dw_da_irr": 1.4216897079397655,
      "Dw_da_rev": 0.00011374978011846544,
      "R_baseline_obl_irr": 1.0,
      "R_baseline_mrc_irr": 1.4348907000000004,
      "R_baseline_obl_rev": 2.29140163,
      "R_baseline_mrc_rev": 2.29140163,
      "R_da_obl_irr": 1.0,
      "R_da_mrc_irr": 1.4348907000000004,
      "R_da_obl_rev": 2.29140163,
      "R_da_mrc_rev": 2.29140163,
      "R_oracle_obl_irr": 1.0,
      "R_oracle_mrc_irr": 1.4348907000000004,
      "R_oracle_obl_rev": 2.29140163,
      "R_oracle_mrc_rev": 2.29140163,
      "baseline_collapse_ratio": 0.0,
      "baseline_charge_load_ratio": 1.0,
      "da_collapse_ratio": 0.0,
      "da_charge_load_ratio": 1.0,
      "baseline_pass": true,
      "da_pass": true,
      "train_time_s": 6.630212306976318
    },
    {
      "seed": 2,
      "epochs": 800,
      "Dw_true_irr": 1.4348907000000002,
      "Dw_true_rev": 0.0,
      "Dw_baseline_irr": 1.4348907000000002,
      "Dw_baseline_rev": 0.0,
      "Dw_da_irr": 1.4200333898010147,
      "Dw_da_rev": 2.5657845139503484e-05,
      "R_baseline_obl_irr": 1.0,
      "R_baseline_mrc_irr": 1.4348907000000004,
      "R_baseline_obl_rev": 2.29140163,
      "R_baseline_mrc_rev": 2.29140163,
      "R_da_obl_irr": 1.0,
      "R_da_mrc_irr": 1.4348907000000004,
      "R_da_obl_rev": 2.29140163,
      "R_da_mrc_rev": 2.29140163,
      "R_oracle_obl_irr": 1.0,
      "R_oracle_mrc_irr": 1.4348907000000004,
      "R_oracle_obl_rev": 2.29140163,
      "R_oracle_mrc_rev": 2.29140163,
      "baseline_collapse_ratio": 0.0,
      "baseline_charge_load_ratio": 1.0,
      "da_collapse_ratio": 0.0,
      "da_charge_load_ratio": 1.0,
      "baseline_pass": true,
      "da_pass": true,
      "train_time_s": 6.697231292724609
    },
    {
      "seed": 3,
      "epochs": 800,
      "Dw_true_irr": 1.4348907000000002,
      "Dw_true_rev": 0.0,
      "Dw_baseline_irr": 1.4348907000000002,
      "Dw_baseline_rev": 0.0,
      "Dw_da_irr": 1.4194329507889827,
      "Dw_da_rev": 0.00016044705827236177,
      "R_baseline_obl_irr": 1.0,
      "R_baseline_mrc_irr": 1.4348907000000004,
      "R_baseline_obl_rev": 2.29140163,
      "R_baseline_mrc_rev": 2.29140163,
      "R_da_obl_irr": 1.0,
      "R_da_mrc_irr": 1.4348907000000004,
      "R_da_obl_rev": 2.29140163,
      "R_da_mrc_rev": 2.29140163,
      "R_oracle_obl_irr": 1.0,
      "R_oracle_mrc_irr": 1.4348907000000004,
      "R_oracle_obl_rev": 2.29140163,
      "R_oracle_mrc_rev": 2.29140163,
      "baseline_collapse_ratio": 0.0,
      "baseline_charge_load_ratio": 1.0,
      "da_collapse_ratio": 0.0,
      "da_charge_load_ratio": 1.0,
      "baseline_pass": true,
      "da_pass": true,
      "train_time_s": 6.789621353149414
    },
    {
      "seed": 4,
      "epochs": 800,
      "Dw_true_irr": 1.4348907000000002,
      "Dw_true_rev": 0.0,
      "Dw_baseline_irr": 1.4348907000000002,
      "Dw_baseline_rev": 0.0,
      "Dw_da_irr": 1.4151318046007526,
      "Dw_da_rev": 0.00016523652269840244,
      "R_baseline_obl_irr": 1.0,
      "R_baseline_mrc_irr": 1.4348907000000004,
      "R_baseline_obl_rev": 2.29140163,
      "R_baseline_mrc_rev": 2.29140163,
      "R_da_obl_irr": 1.0,
      "R_da_mrc_irr": 1.4348907000000004,
      "R_da_obl_rev": 2.29140163,
      "R_da_mrc_rev": 2.29140163,
      "R_oracle_obl_irr": 1.0,
      "R_oracle_mrc_irr": 1.4348907000000004,
      "R_oracle_obl_rev": 2.29140163,
      "R_oracle_mrc_rev": 2.29140163,
      "baseline_collapse_ratio": 0.0,
      "baseline_charge_load_ratio": 1.0,
      "da_collapse_ratio": 0.0,
      "da_charge_load_ratio": 1.0,
      "baseline_pass": true,
      "da_pass": true,
      "train_time_s": 6.542541980743408
    }
  ],
  "recovery": {
    "D_w_hat": 1.421359944494148,
    "lam_min_hat": 0.7035515555884705,
    "lam_star": 0.71,
    "grid_step": 0.001,
    "policy_at_lam_1": "a_safe",
    "match_within_5_grid_steps": false
  },
  "verdict_meta": {
    "verdict": "PASS",
    "baseline_pass": 5,
    "da_pass": 5,
    "n": 5,
    "baseline_collapse_max": 0.0,
    "baseline_charge_min": 1.0,
    "da_collapse_max": 0.0,
    "da_charge_min": 1.0,
    "recovery_policy_at_lam_1": "a_safe"
  },
  "cheat_check": "assert_planner_cheat_free invoked on each rollout; any planner read of true_env.f/.r would have raised AssertionError before this output."
}