{
  "passed": true,
  "conditions": {
    "estimator_quality": true,
    "charge_load_bearing": true,
    "reversible_collapse": true
  },
  "thresholds": {
    "estimator_max_median_rel_err": 0.2,
    "estimator_min_rank_auc": 0.95,
    "learned_gap_closure_fraction": 0.5,
    "collapse_residual_fraction": 0.3
  },
  "config": {
    "total_steps": 100000,
    "eval_episodes": 40,
    "seed": 0,
    "grid_size": 7,
    "r_d": 0.85,
    "r_g": 1.0,
    "gamma": 0.97,
    "lam": 1.0,
    "max_steps": 64
  },
  "dw_hat_val_metrics": {
    "mae": 0.005530292168259621,
    "rmse": 0.016536610201001167,
    "median_rel_err_on_positives": 0.017283402383327484,
    "mean_rel_err_on_positives": 0.017727792263031006,
    "rank_auc_positive_vs_zero": 1.0,
    "n_positives": 95,
    "n_zeros": 16465
  },
  "dw_hat_eval_metrics": {
    "mae": 0.005611946806311607,
    "rmse": 0.016935143619775772,
    "median_rel_err_on_positives": 0.018776820972561836,
    "mean_rel_err_on_positives": 0.020080292597413063,
    "rank_auc_positive_vs_zero": 1.0,
    "n_positives": 195,
    "n_zeros": 32925
  },
  "agent_returns": {
    "irreversible": {
      "reward_only": {
        "mean": 0.85,
        "std": 0.0,
        "n": 40,
        "returns": [
          0.85,
          0.85,
          0.85,
          0.85,
          0.85,
          0.85,
          0.85,
          0.85,
          0.85,
          0.85,
          0.85,
          0.85,
          0.85,
          0.85,
          0.85,
          0.85,
          0.85,
          0.85,
          0.85,
          0.85,
          0.85,
          0.85,
          0.85,
          0.85,
          0.85,
          0.85,
          0.85,
          0.85,
          0.85,
          0.85,
          0.85,
          0.85,
          0.85,
          0.85,
          0.85,
          0.85,
          0.85,
          0.85,
          0.85,
          0.85
        ]
      },
      "oracle_mrc": {
        "mean": 1.0,
        "std": 0.0,
        "n": 40,
        "returns": [
          1.0,
          1.0,
          1.0,
          1.0,
          1.0,
          1.0,
          1.0,
          1.0,
          1.0,
          1.0,
          1.0,
          1.0,
          1.0,
          1.0,
          1.0,
          1.0,
          1.0,
          1.0,
          1.0,
          1.0,
          1.0,
          1.0,
          1.0,
          1.0,
          1.0,
          1.0,
          1.0,
          1.0,
          1.0,
          1.0,
          1.0,
          1.0,
          1.0,
          1.0,
          1.0,
          1.0,
          1.0,
          1.0,
          1.0,
          1.0
        ]
      },
      "learned_mrc": {
        "mean": 1.0,
        "std": 0.0,
        "n": 40,
        "returns": [
          1.0,
          1.0,
          1.0,
          1.0,
          1.0,
          1.0,
          1.0,
          1.0,
          1.0,
          1.0,
          1.0,
          1.0,
          1.0,
          1.0,
          1.0,
          1.0,
          1.0,
          1.0,
          1.0,
          1.0,
          1.0,
          1.0,
          1.0,
          1.0,
          1.0,
          1.0,
          1.0,
          1.0,
          1.0,
          1.0,
          1.0,
          1.0,
          1.0,
          1.0,
          1.0,
          1.0,
          1.0,
          1.0,
          1.0,
          1.0
        ]
      }
    },
    "reversible": {
      "reward_only": {
        "mean": 1.85,
        "std": 0.0,
        "n": 40,
        "returns": [
          1.85,
          1.85,
          1.85,
          1.85,
          1.85,
          1.85,
          1.85,
          1.85,
          1.85,
          1.85,
          1.85,
          1.85,
          1.85,
          1.85,
          1.85,
          1.85,
          1.85,
          1.85,
          1.85,
          1.85,
          1.85,
          1.85,
          1.85,
          1.85,
          1.85,
          1.85,
          1.85,
          1.85,
          1.85,
          1.85,
          1.85,
          1.85,
          1.85,
          1.85,
          1.85,
          1.85,
          1.85,
          1.85,
          1.85,
          1.85
        ]
      },
      "oracle_mrc": {
        "mean": 1.85,
        "std": 0.0,
        "n": 40,
        "returns": [
          1.85,
          1.85,
          1.85,
          1.85,
          1.85,
          1.85,
          1.85,
          1.85,
          1.85,
          1.85,
          1.85,
          1.85,
          1.85,
          1.85,
          1.85,
          1.85,
          1.85,
          1.85,
          1.85,
          1.85,
          1.85,
          1.85,
          1.85,
          1.85,
          1.85,
          1.85,
          1.85,
          1.85,
          1.85,
          1.85,
          1.85,
          1.85,
          1.85,
          1.85,
          1.85,
          1.85,
          1.85,
          1.85,
          1.85,
          1.85
        ]
      },
      "learned_mrc": {
        "mean": 1.85,
        "std": 0.0,
        "n": 40,
        "returns": [
          1.85,
          1.85,
          1.85,
          1.85,
          1.85,
          1.85,
          1.85,
          1.85,
          1.85,
          1.85,
          1.85,
          1.85,
          1.85,
          1.85,
          1.85,
          1.85,
          1.85,
          1.85,
          1.85,
          1.85,
          1.85,
          1.85,
          1.85,
          1.85,
          1.85,
          1.85,
          1.85,
          1.85,
          1.85,
          1.85,
          1.85,
          1.85,
          1.85,
          1.85,
          1.85,
          1.85,
          1.85,
          1.85,
          1.85,
          1.85
        ]
      }
    }
  },
  "gaps": {
    "oracle_gap_irr": 0.15000000000000002,
    "learned_gap_irr": 0.15000000000000002,
    "oracle_gap_rev": 0.0,
    "learned_gap_rev": 0.0,
    "gap_closure_ratio": 1.0,
    "collapse_ratio": 0.0
  },
  "train_times": {
    "reward_only__irreversible": 152.1896789073944,
    "oracle_mrc__irreversible": 109.66800451278687,
    "learned_mrc__irreversible": 130.9699351787567,
    "reward_only__reversible": 109.71879529953003,
    "oracle_mrc__reversible": 105.85525321960449,
    "learned_mrc__reversible": 113.33914947509766
  }
}